corvid::Value	WHERE	MAPPED	the Swift value mapping (nil/Bool/Int/Double/String/Data/[Float]/[Any?]/[String: Any?])	golden:values.txt:VTYPE
corvid::Value::Null	WHERE	MAPPED	the Swift value mapping (nil/Bool/Int/Double/String/Data/[Float]/[Any?]/[String: Any?])	golden:values.txt:VTYPE
corvid::Value::Bool	WHERE	MAPPED	the Swift value mapping (nil/Bool/Int/Double/String/Data/[Float]/[Any?]/[String: Any?])	golden:values.txt:VTYPE
corvid::Value::Int	WHERE	MAPPED	the Swift value mapping (nil/Bool/Int/Double/String/Data/[Float]/[Any?]/[String: Any?])	golden:values.txt:VTYPE
corvid::Value::Float	WHERE	MAPPED	the Swift value mapping (nil/Bool/Int/Double/String/Data/[Float]/[Any?]/[String: Any?])	golden:values.txt:VTYPE
corvid::Value::Text	WHERE	MAPPED	the Swift value mapping (nil/Bool/Int/Double/String/Data/[Float]/[Any?]/[String: Any?])	golden:values.txt:VTYPE
corvid::Value::Bytes	WHERE	MAPPED	the Swift value mapping (nil/Bool/Int/Double/String/Data/[Float]/[Any?]/[String: Any?])	golden:values.txt:VTYPE
corvid::Value::Array	WHERE	MAPPED	the Swift value mapping (nil/Bool/Int/Double/String/Data/[Float]/[Any?]/[String: Any?])	golden:values.txt:VTYPE
corvid::Value::Map	WHERE	MAPPED	the Swift value mapping (nil/Bool/Int/Double/String/Data/[Float]/[Any?]/[String: Any?])	golden:values.txt:VTYPE
corvid::Value::Vector	WHERE	MAPPED	the Swift value mapping (nil/Bool/Int/Double/String/Data/[Float]/[Any?]/[String: Any?])	golden:values.txt:VTYPE
corvid::value::MAX_NESTING	Lifecycle	N/A	N/A	engine byte codec is dump/load internal machinery, not a binding API
corvid::Value::encode	Lifecycle	N/A	N/A	engine byte codec is dump/load internal machinery, not a binding API
corvid::Value::decode	Lifecycle	N/A	N/A	engine byte codec is dump/load internal machinery, not a binding API
corvid::Value::get	WHERE	N/A	N/A	nested-path reads are native map/list traversal
corvid::Value::get_path	WHERE	N/A	N/A	nested-path reads are native map/list traversal
corvid::Value::as_bool	WHERE	N/A	N/A	documents decode to native Kotlin values; typed accessors are native-language operations
corvid::Value::as_int	WHERE	N/A	N/A	documents decode to native Kotlin values; typed accessors are native-language operations
corvid::Value::as_float	WHERE	N/A	N/A	documents decode to native Kotlin values; typed accessors are native-language operations
corvid::Value::as_text	WHERE	N/A	N/A	documents decode to native Kotlin values; typed accessors are native-language operations
corvid::Value::as_bytes	WHERE	N/A	N/A	documents decode to native Kotlin values; typed accessors are native-language operations
corvid::Value::as_vector	WHERE	N/A	N/A	documents decode to native Kotlin values; typed accessors are native-language operations
corvid::CmpOp	WHERE	MAPPED	FieldExpr.eq/ne/lt/le/gt/ge	golden:queries.txt:QF_*
corvid::CmpOp::Eq	WHERE	MAPPED	FieldExpr.eq/ne/lt/le/gt/ge	golden:queries.txt:QF_*
corvid::CmpOp::Ne	WHERE	MAPPED	FieldExpr.eq/ne/lt/le/gt/ge	golden:queries.txt:QF_*
corvid::CmpOp::Lt	WHERE	MAPPED	FieldExpr.eq/ne/lt/le/gt/ge	golden:queries.txt:QF_*
corvid::CmpOp::Le	WHERE	MAPPED	FieldExpr.eq/ne/lt/le/gt/ge	golden:queries.txt:QF_*
corvid::CmpOp::Gt	WHERE	MAPPED	FieldExpr.eq/ne/lt/le/gt/ge	golden:queries.txt:QF_*
corvid::CmpOp::Ge	WHERE	MAPPED	FieldExpr.eq/ne/lt/le/gt/ge	golden:queries.txt:QF_*
corvid::Predicate	WHERE	MAPPED	Predicate via field()/Predicate.not()	golden:queries.txt:QF_* + golden:mutations.txt:DELETE_IN
corvid::Predicate::Compare	WHERE	MAPPED	Predicate via field()/Predicate.not()	golden:queries.txt:QF_* + golden:mutations.txt:DELETE_IN
corvid::Predicate::Exists	WHERE	MAPPED	Predicate via field()/Predicate.not()	golden:queries.txt:QF_* + golden:mutations.txt:DELETE_IN
corvid::Predicate::In	WHERE	MAPPED	Predicate via field()/Predicate.not()	golden:queries.txt:QF_* + golden:mutations.txt:DELETE_IN
corvid::Predicate::Between	WHERE	MAPPED	Predicate via field()/Predicate.not()	golden:queries.txt:QF_* + golden:mutations.txt:DELETE_IN
corvid::Predicate::StartsWith	WHERE	MAPPED	Predicate via field()/Predicate.not()	golden:queries.txt:QF_* + golden:mutations.txt:DELETE_IN
corvid::Predicate::Contains	WHERE	MAPPED	Predicate via field()/Predicate.not()	golden:queries.txt:QF_* + golden:mutations.txt:DELETE_IN
corvid::Predicate::GeoWithin	Geo	MAPPED	Predicate via field()/Predicate.not()	golden:queries.txt:QF_* + golden:mutations.txt:DELETE_IN
corvid::Predicate::And	WHERE	MAPPED	Predicate via field()/Predicate.not()	golden:queries.txt:QF_* + golden:mutations.txt:DELETE_IN
corvid::Predicate::Or	WHERE	MAPPED	Predicate via field()/Predicate.not()	golden:queries.txt:QF_* + golden:mutations.txt:DELETE_IN
corvid::Predicate::Not	WHERE	MAPPED	Predicate via field()/Predicate.not()	golden:queries.txt:QF_* + golden:mutations.txt:DELETE_IN
corvid::Predicate::and	WHERE	MAPPED	Predicate via field()/Predicate.not()	golden:queries.txt:QF_* + golden:mutations.txt:DELETE_IN
corvid::Predicate::or	WHERE	MAPPED	Predicate via field()/Predicate.not()	golden:queries.txt:QF_* + golden:mutations.txt:DELETE_IN
corvid::Predicate::eval	WHERE	N/A	N/A	predicate evaluation is engine-internal; bindings pass predicates to Query.filter()/Collection.deleteWhere()
corvid::field	WHERE	MAPPED	Predicate via field()/Predicate.not()	golden:queries.txt:QF_* + golden:mutations.txt:DELETE_IN
corvid::filter::FieldRef	WHERE	MAPPED	Predicate via field()/Predicate.not()	golden:queries.txt:QF_* + golden:mutations.txt:DELETE_IN
corvid::filter::FieldRef::eq	WHERE	MAPPED	Predicate via field()/Predicate.not()	golden:queries.txt:QF_* + golden:mutations.txt:DELETE_IN
corvid::filter::FieldRef::ne	WHERE	MAPPED	Predicate via field()/Predicate.not()	golden:queries.txt:QF_* + golden:mutations.txt:DELETE_IN
corvid::filter::FieldRef::lt	WHERE	MAPPED	Predicate via field()/Predicate.not()	golden:queries.txt:QF_* + golden:mutations.txt:DELETE_IN
corvid::filter::FieldRef::le	WHERE	MAPPED	Predicate via field()/Predicate.not()	golden:queries.txt:QF_* + golden:mutations.txt:DELETE_IN
corvid::filter::FieldRef::gt	WHERE	MAPPED	Predicate via field()/Predicate.not()	golden:queries.txt:QF_* + golden:mutations.txt:DELETE_IN
corvid::filter::FieldRef::ge	WHERE	MAPPED	Predicate via field()/Predicate.not()	golden:queries.txt:QF_* + golden:mutations.txt:DELETE_IN
corvid::filter::FieldRef::exists	WHERE	MAPPED	Predicate via field()/Predicate.not()	golden:queries.txt:QF_* + golden:mutations.txt:DELETE_IN
corvid::filter::FieldRef::is_in	WHERE	MAPPED	Predicate via field()/Predicate.not()	golden:queries.txt:QF_* + golden:mutations.txt:DELETE_IN
corvid::filter::FieldRef::between	WHERE	MAPPED	Predicate via field()/Predicate.not()	golden:queries.txt:QF_* + golden:mutations.txt:DELETE_IN
corvid::filter::FieldRef::starts_with	WHERE	MAPPED	Predicate via field()/Predicate.not()	golden:queries.txt:QF_* + golden:mutations.txt:DELETE_IN
corvid::filter::FieldRef::contains	WHERE	MAPPED	Predicate via field()/Predicate.not()	golden:queries.txt:QF_* + golden:mutations.txt:DELETE_IN
corvid::filter::FieldRef::within_km	Geo	MAPPED	Predicate via field()/Predicate.not()	golden:queries.txt:QF_* + golden:mutations.txt:DELETE_IN
corvid::Metric	Vector search	MAPPED	Metric enum (Metric.cosine/dot/l2)	golden:queries.txt:QVEC
corvid::Metric::Cosine	Vector search	MAPPED	Metric enum (Metric.cosine/dot/l2)	golden:queries.txt:QVEC
corvid::Metric::Dot	Vector search	MAPPED	Metric enum (Metric.cosine/dot/l2)	golden:queries.txt:QVEC
corvid::Metric::L2	Vector search	MAPPED	Metric enum (Metric.cosine/dot/l2)	golden:queries.txt:QVEC
corvid::Metric::distance	Vector search	N/A	N/A	pure math helper, not a binding API; metric behavior surfaces via Query.vector metric + index creation
corvid::distance::dot	Vector search	N/A	N/A	pure math helpers, not binding APIs; distance behavior surfaces via Query.vector
corvid::distance::l2_squared	Vector search	N/A	N/A	pure math helpers, not binding APIs; distance behavior surfaces via Query.vector
corvid::distance::cosine_distance	Vector search	N/A	N/A	pure math helpers, not binding APIs; distance behavior surfaces via Query.vector
corvid::Quantization	Vector search	MAPPED	Quant enum (Quant.none/binary/scalar)	golden:schema.txt:IDX_VEC_Q
corvid::Quantization::None	Vector search	MAPPED	Quant enum (Quant.none/binary/scalar)	golden:schema.txt:IDX_VEC_Q
corvid::Quantization::Binary	Vector search	MAPPED	Quant enum (Quant.none/binary/scalar)	golden:schema.txt:IDX_VEC_Q
corvid::Quantization::Scalar	Vector search	MAPPED	Quant enum (Quant.none/binary/scalar)	golden:schema.txt:IDX_VEC_Q
corvid::Result	Lifecycle	MAPPED	throws CorvidError	golden:mutations.txt:INSERT_ERR
corvid::Error	Lifecycle	MAPPED	CorvidError.code (CorvidErrorCode table)	ErrCodesTest.swift errorCodeTableIsFrozen
corvid::Error::Database	Lifecycle	MAPPED	CorvidErrorCode.database (code 1)	ErrCodesTest.swift errorCodeTableIsFrozen
corvid::Error::Transaction	Lifecycle	MAPPED	CorvidErrorCode.transaction (code 2)	ErrCodesTest.swift errorCodeTableIsFrozen
corvid::Error::Table	Lifecycle	MAPPED	CorvidErrorCode.table (code 3)	ErrCodesTest.swift errorCodeTableIsFrozen
corvid::Error::Storage	Lifecycle	MAPPED	CorvidErrorCode.storage (code 4)	ErrCodesTest.swift errorCodeTableIsFrozen
corvid::Error::Commit	Lifecycle	MAPPED	CorvidErrorCode.commit (code 5)	ErrCodesTest.swift errorCodeTableIsFrozen
corvid::Error::SetDurability	Lifecycle	MAPPED	CorvidErrorCode.setDurability (code 6)	ErrCodesTest.swift errorCodeTableIsFrozen
corvid::Error::Compaction	Lifecycle	MAPPED	CorvidErrorCode.compaction (code 7)	ErrCodesTest.swift errorCodeTableIsFrozen
corvid::Error::Decode	Lifecycle	MAPPED	CorvidErrorCode.decode (code 8)	ErrCodesTest.swift errorCodeTableIsFrozen
corvid::Error::CorruptIndex	Schema (ALTER)	MAPPED	CorvidErrorCode.corruptIndex (code 9)	ErrCodesTest.swift errorCodeTableIsFrozen
corvid::Error::ReservedCollection	Schema (ALTER)	MAPPED	CorvidErrorCode.reservedCollection (code 10)	ErrCodesTest.swift errorCodeTableIsFrozen; golden:mutations.txt:INSERT_ERR(err:10)
corvid::Error::InvalidName	Schema (ALTER)	MAPPED	CorvidErrorCode.invalidName (code 11)	ErrCodesTest.swift errorCodeTableIsFrozen; golden:mutations.txt:INSERT_ERR(err:11)
corvid::Error::InvalidArgument	Hybrid	MAPPED	CorvidErrorCode.argument (code 12)	ErrCodesTest.swift errorCodeTableIsFrozen; golden:mutations.txt:UPDATE_ABORT(err:12)
corvid::Error::IncompatibleFormat	Lifecycle	MAPPED	CorvidErrorCode.incompatibleFormat (code 13)	ErrCodesTest.swift errorCodeTableIsFrozen
corvid::Error::EmptyIndexTraining	Schema (ALTER)	MAPPED	CorvidErrorCode.emptyIndexTraining (code 14)	ErrCodesTest.swift errorCodeTableIsFrozen; golden:schema.txt:IDX_PQ_ERR(err:14)
corvid::Error::SchemaViolation	Schema (ALTER)	MAPPED	CorvidErrorCode.schemaViolation (code 15)	ErrCodesTest.swift errorCodeTableIsFrozen; golden:schema.txt:SCHEMA_ERR(err:15)
corvid::Error::InvalidDump	Lifecycle	MAPPED	CorvidErrorCode.invalidDump (code 16)	ErrCodesTest.swift errorCodeTableIsFrozen
corvid::Error::BackupTargetExists	Lifecycle	MAPPED	CorvidErrorCode.backupTargetExists (code 17)	ErrCodesTest.swift errorCodeTableIsFrozen; golden:admin.txt:BACKUP_DUP(err:17)
corvid::Error::Io	Lifecycle	MAPPED	CorvidErrorCode.io (code 18)	ErrCodesTest.swift errorCodeTableIsFrozen
corvid::ResultRow	SELECT shaping	MAPPED	Row { key, doc, score }	golden:queries.txt
corvid::PlanShape	Lifecycle	N/A	N/A	plan shapes are advisory diagnostics excluded from the v1 ABI (FFI.md §9)
corvid::PlanShape::AnnIndex	Lifecycle	N/A	N/A	plan shapes are advisory diagnostics excluded from the v1 ABI (FFI.md §9)
corvid::PlanShape::TextIndex	Lifecycle	N/A	N/A	plan shapes are advisory diagnostics excluded from the v1 ABI (FFI.md §9)
corvid::PlanShape::IndexedWindow	Lifecycle	N/A	N/A	plan shapes are advisory diagnostics excluded from the v1 ABI (FFI.md §9)
corvid::PlanShape::SortIndex	Lifecycle	N/A	N/A	plan shapes are advisory diagnostics excluded from the v1 ABI (FFI.md §9)
corvid::PlanShape::StreamingTopK	Lifecycle	N/A	N/A	plan shapes are advisory diagnostics excluded from the v1 ABI (FFI.md §9)
corvid::PlanShape::Scan	Lifecycle	N/A	N/A	plan shapes are advisory diagnostics excluded from the v1 ABI (FFI.md §9)
corvid::QueryBuilder	SELECT shaping	MAPPED	Query (Collection.query())	golden:queries.txt
corvid::Collection::query	SELECT shaping	MAPPED	Query (Collection.query())	golden:queries.txt
corvid::QueryBuilder::filter	WHERE	MAPPED	Query.filter	golden:queries.txt:QF_COUNT
corvid::QueryBuilder::vector	Vector search	MAPPED	Query.vector	golden:queries.txt:QVEC
corvid::QueryBuilder::text	Text search	MAPPED	Query.text	golden:queries.txt:QTEXT
corvid::QueryBuilder::fuse_rrf	Hybrid	MAPPED	Query.fuseRRF	golden:queries.txt:HYBRID_F
corvid::QueryBuilder::rerank_mmr	Hybrid	MAPPED	Query.rerankMMR	golden:queries.txt:HYBRID
corvid::QueryBuilder::limit	SELECT shaping	MAPPED	Query.limit	golden:queries.txt:ORDER_BY
corvid::QueryBuilder::offset	SELECT shaping	MAPPED	Query.offset	golden:queries.txt:ORDER_BY
corvid::QueryBuilder::order_by	SELECT shaping	MAPPED	Query.orderBy	golden:queries.txt:ORDER_BY
corvid::QueryBuilder::approx	Vector search	MAPPED	Query.approx	golden:queries.txt:APPROX
corvid::QueryBuilder::select	SELECT shaping	MAPPED	Query.select	golden:queries.txt:SELECT
corvid::QueryBuilder::count	Aggregations	MAPPED	Query.count	golden:queries.txt:AGG_COUNT
corvid::QueryBuilder::group_count	Aggregations	MAPPED	Query.groupCount	golden:queries.txt:AGG_GCOUNT
corvid::QueryBuilder::sum	Aggregations	MAPPED	Query.sum	golden:queries.txt:AGG_SUM
corvid::QueryBuilder::avg	Aggregations	MAPPED	Query.avg	golden:queries.txt:AGG_AVG
corvid::QueryBuilder::min	Aggregations	MAPPED	Query.min	golden:queries.txt:AGG_MIN
corvid::QueryBuilder::max	Aggregations	MAPPED	Query.max	golden:queries.txt:AGG_MAX
corvid::QueryBuilder::count_distinct	Aggregations	MAPPED	Query.countDistinct	golden:queries.txt:AGG_DISTINCT
corvid::QueryBuilder::group_sum	Aggregations	MAPPED	Query.groupSum	golden:queries.txt:AGG_GSUM
corvid::QueryBuilder::group_avg	Aggregations	MAPPED	Query.groupAvg	golden:queries.txt:AGG_GAVG
corvid::QueryBuilder::plan	Lifecycle	N/A	N/A	plan/explain diagnostics excluded from the v1 ABI (FFI.md §9)
corvid::QueryBuilder::plan_shape	Lifecycle	N/A	N/A	plan/explain diagnostics excluded from the v1 ABI (FFI.md §9)
corvid::QueryBuilder::explain	Lifecycle	N/A	N/A	plan/explain diagnostics excluded from the v1 ABI (FFI.md §9)
corvid::QueryBuilder::run	SELECT shaping	MAPPED	Query.run	golden:queries.txt:QVEC
corvid::Db	Lifecycle	MAPPED	Db	golden:admin.txt:FILEDB
corvid::Db::open	Lifecycle	MAPPED	Corvid.open/openMemory + Db.collection/collections/backup/compact	golden:admin.txt (COLLECTIONS/BACKUP/COMPACT)
corvid::Db::open_in_memory	Lifecycle	MAPPED	Corvid.open/openMemory + Db.collection/collections/backup/compact	golden:admin.txt (COLLECTIONS/BACKUP/COMPACT)
corvid::Db::open_with_backend	Lifecycle	N/A	N/A	wasm-only backend seam (redb StorageBackend over custom storage): no C-ABI/native equivalent; browser-binding machinery, not constructible here
corvid::Db::collection	Lifecycle	MAPPED	Corvid.open/openMemory + Db.collection/collections/backup/compact	golden:admin.txt (COLLECTIONS/BACKUP/COMPACT)
corvid::Db::backup	Lifecycle	MAPPED	Corvid.open/openMemory + Db.collection/collections/backup/compact	golden:admin.txt (COLLECTIONS/BACKUP/COMPACT)
corvid::Db::backup_with_backend	Lifecycle	N/A	N/A	wasm-only backend seam (redb StorageBackend over custom storage): no C-ABI/native equivalent; browser-binding machinery, not constructible here
corvid::Db::bulk	Lifecycle	N/A	N/A	put_many covers the bulk fast path (FFI.md §9); Db::bulk not exposed
corvid::Db::compact	Lifecycle	MAPPED	Corvid.open/openMemory + Db.collection/collections/backup/compact	golden:admin.txt (COLLECTIONS/BACKUP/COMPACT)
corvid::Db::collections	Lifecycle	MAPPED	Corvid.open/openMemory + Db.collection/collections/backup/compact	golden:admin.txt (COLLECTIONS/BACKUP/COMPACT)
corvid::Collection	Mutations	MAPPED	Collection	golden:mutations.txt:COLL
corvid::Collection::insert	Mutations	MAPPED	Collection.insert/update/patch/compareAndSet	golden:mutations.txt (INSERT/UPDATE/PATCH/CAS)
corvid::Collection::update	Mutations	MAPPED	Collection.insert/update/patch/compareAndSet	golden:mutations.txt (INSERT/UPDATE/PATCH/CAS)
corvid::Collection::patch	Mutations	MAPPED	Collection.insert/update/patch/compareAndSet	golden:mutations.txt (INSERT/UPDATE/PATCH/CAS)
corvid::Collection::compare_and_set	Mutations	MAPPED	Collection.insert/update/patch/compareAndSet	golden:mutations.txt (INSERT/UPDATE/PATCH/CAS)
corvid::Collection::for_each_doc	SELECT shaping	MAPPED	Collection.scan(callback, early stop)	golden:mutations.txt:SCAN/SCAN_STOP
corvid::Collection::len	SELECT shaping	MAPPED	Collection.len (len()==0 for empty)	golden:mutations.txt:LEN
corvid::Collection::is_empty	SELECT shaping	MAPPED	Collection.len (len()==0 for empty)	golden:mutations.txt:LEN
corvid::Collection::insert_batch	Mutations	MAPPED	Collection.putMany	golden:mutations.txt:PUTMANY + golden:schema.txt:PUTMANY_ROLLBACK
corvid::Collection::insert_auto	Mutations	MAPPED	Collection.insertAuto	golden:mutations.txt:INSERT_AUTO
corvid::Collection::get	SELECT shaping	MAPPED	Collection.get	golden:mutations.txt:GET
corvid::Collection::delete	Mutations	MAPPED	Collection.delete/deleteWhere/deleteBatch	golden:mutations.txt (DELETE/DELETE_WHERE/DELETE_BATCH)
corvid::Collection::delete_where	Mutations	MAPPED	Collection.delete/deleteWhere/deleteBatch	golden:mutations.txt (DELETE/DELETE_WHERE/DELETE_BATCH)
corvid::Collection::delete_batch	Mutations	MAPPED	Collection.delete/deleteWhere/deleteBatch	golden:mutations.txt (DELETE/DELETE_WHERE/DELETE_BATCH)
corvid::Collection::scan	SELECT shaping	MAPPED	Collection.scan	golden:mutations.txt:SCAN
corvid::Collection::page	SELECT shaping	MAPPED	Collection.page -> Page(rows, nextAfter)	golden:mutations.txt:PAGE
corvid::Collection::page_where	SELECT shaping	N/A	N/A	filtered keyset pagination composes from filter+limit/offset (FFI.md §9 spec note)
corvid::db::Page	SELECT shaping	MAPPED	Collection.page -> Page(rows, nextAfter)	golden:mutations.txt:PAGE
corvid::Store	Lifecycle	N/A	N/A	engine low-level byte KV (Store/WriteBatch/ReadBatch); the v1 binding is typed-document only (FFI.md ruling 1)
corvid::Store::open	Lifecycle	N/A	N/A	engine low-level byte KV (Store/WriteBatch/ReadBatch); the v1 binding is typed-document only (FFI.md ruling 1)
corvid::Store::open_in_memory	Lifecycle	N/A	N/A	engine low-level byte KV (Store/WriteBatch/ReadBatch); the v1 binding is typed-document only (FFI.md ruling 1)
corvid::Store::open_with_backend	Lifecycle	N/A	N/A	wasm-only backend seam (redb StorageBackend over custom storage): no C-ABI/native equivalent; browser-binding machinery, not constructible here
corvid::Store::set_relaxed_durability	Lifecycle	N/A	N/A	engine low-level byte KV (Store/WriteBatch/ReadBatch); the v1 binding is typed-document only (FFI.md ruling 1)
corvid::Store::begin_bulk	Lifecycle	N/A	N/A	engine low-level byte KV (Store/WriteBatch/ReadBatch); the v1 binding is typed-document only (FFI.md ruling 1)
corvid::Store::flush	Lifecycle	N/A	N/A	engine low-level byte KV (Store/WriteBatch/ReadBatch); the v1 binding is typed-document only (FFI.md ruling 1)
corvid::Store::compact	Lifecycle	N/A	N/A	engine low-level byte KV (Store/WriteBatch/ReadBatch); the v1 binding is typed-document only (FFI.md ruling 1)
corvid::Store::next_auto_id	Lifecycle	N/A	N/A	engine low-level byte KV (Store/WriteBatch/ReadBatch); the v1 binding is typed-document only (FFI.md ruling 1)
corvid::Store::backup	Lifecycle	N/A	N/A	engine low-level byte KV (Store/WriteBatch/ReadBatch); the v1 binding is typed-document only (FFI.md ruling 1)
corvid::Store::backup_with_backend	Lifecycle	N/A	N/A	wasm-only backend seam (redb StorageBackend over custom storage): no C-ABI/native equivalent; browser-binding machinery, not constructible here
corvid::Store::transaction	Lifecycle	N/A	N/A	engine low-level byte KV (Store/WriteBatch/ReadBatch); the v1 binding is typed-document only (FFI.md ruling 1)
corvid::Store::read	Lifecycle	N/A	N/A	engine low-level byte KV (Store/WriteBatch/ReadBatch); the v1 binding is typed-document only (FFI.md ruling 1)
corvid::Store::put	Lifecycle	N/A	N/A	engine low-level byte KV (Store/WriteBatch/ReadBatch); the v1 binding is typed-document only (FFI.md ruling 1)
corvid::Store::get	Lifecycle	N/A	N/A	engine low-level byte KV (Store/WriteBatch/ReadBatch); the v1 binding is typed-document only (FFI.md ruling 1)
corvid::Store::delete	Lifecycle	N/A	N/A	engine low-level byte KV (Store/WriteBatch/ReadBatch); the v1 binding is typed-document only (FFI.md ruling 1)
corvid::Store::scan	Lifecycle	N/A	N/A	engine low-level byte KV (Store/WriteBatch/ReadBatch); the v1 binding is typed-document only (FFI.md ruling 1)
corvid::Store::collections	Lifecycle	N/A	N/A	engine low-level byte KV (Store/WriteBatch/ReadBatch); the v1 binding is typed-document only (FFI.md ruling 1)
corvid::Store::scan_from	Lifecycle	N/A	N/A	engine low-level byte KV (Store/WriteBatch/ReadBatch); the v1 binding is typed-document only (FFI.md ruling 1)
corvid::Store::count	Lifecycle	N/A	N/A	engine low-level byte KV (Store/WriteBatch/ReadBatch); the v1 binding is typed-document only (FFI.md ruling 1)
corvid::Store::for_each	Lifecycle	N/A	N/A	engine low-level byte KV (Store/WriteBatch/ReadBatch); the v1 binding is typed-document only (FFI.md ruling 1)
corvid::Store::scan_prefix	Lifecycle	N/A	N/A	engine low-level byte KV (Store/WriteBatch/ReadBatch); the v1 binding is typed-document only (FFI.md ruling 1)
corvid::store::BulkScope	Lifecycle	N/A	N/A	engine low-level byte KV (Store/WriteBatch/ReadBatch); the v1 binding is typed-document only (FFI.md ruling 1)
corvid::store::WriteBatch	Lifecycle	N/A	N/A	engine low-level byte KV (Store/WriteBatch/ReadBatch); the v1 binding is typed-document only (FFI.md ruling 1)
corvid::store::WriteBatch::put	Lifecycle	N/A	N/A	engine low-level byte KV (Store/WriteBatch/ReadBatch); the v1 binding is typed-document only (FFI.md ruling 1)
corvid::store::WriteBatch::get	Lifecycle	N/A	N/A	engine low-level byte KV (Store/WriteBatch/ReadBatch); the v1 binding is typed-document only (FFI.md ruling 1)
corvid::store::WriteBatch::delete	Lifecycle	N/A	N/A	engine low-level byte KV (Store/WriteBatch/ReadBatch); the v1 binding is typed-document only (FFI.md ruling 1)
corvid::store::WriteBatch::scan	Lifecycle	N/A	N/A	engine low-level byte KV (Store/WriteBatch/ReadBatch); the v1 binding is typed-document only (FFI.md ruling 1)
corvid::store::WriteBatch::scan_from	Lifecycle	N/A	N/A	engine low-level byte KV (Store/WriteBatch/ReadBatch); the v1 binding is typed-document only (FFI.md ruling 1)
corvid::store::WriteBatch::next_auto_id	Lifecycle	N/A	N/A	engine low-level byte KV (Store/WriteBatch/ReadBatch); the v1 binding is typed-document only (FFI.md ruling 1)
corvid::store::ReadBatch	Lifecycle	N/A	N/A	engine low-level byte KV (Store/WriteBatch/ReadBatch); the v1 binding is typed-document only (FFI.md ruling 1)
corvid::store::ReadBatch::collections	Lifecycle	N/A	N/A	engine low-level byte KV (Store/WriteBatch/ReadBatch); the v1 binding is typed-document only (FFI.md ruling 1)
corvid::store::ReadBatch::auto_ids	Lifecycle	N/A	N/A	engine low-level byte KV (Store/WriteBatch/ReadBatch); the v1 binding is typed-document only (FFI.md ruling 1)
corvid::store::ReadBatch::get	Lifecycle	N/A	N/A	engine low-level byte KV (Store/WriteBatch/ReadBatch); the v1 binding is typed-document only (FFI.md ruling 1)
corvid::store::ReadBatch::scan	Lifecycle	N/A	N/A	engine low-level byte KV (Store/WriteBatch/ReadBatch); the v1 binding is typed-document only (FFI.md ruling 1)
corvid::store::ReadBatch::scan_from	Lifecycle	N/A	N/A	engine low-level byte KV (Store/WriteBatch/ReadBatch); the v1 binding is typed-document only (FFI.md ruling 1)
corvid::store::ReadBatch::scan_prefix	Lifecycle	N/A	N/A	engine low-level byte KV (Store/WriteBatch/ReadBatch); the v1 binding is typed-document only (FFI.md ruling 1)
corvid::store::ReadBatch::for_each	Lifecycle	N/A	N/A	engine low-level byte KV (Store/WriteBatch/ReadBatch); the v1 binding is typed-document only (FFI.md ruling 1)
corvid::Hit	Vector search	MAPPED	Row.score (Query.vector().run())	golden:queries.txt:QVEC
corvid::TextHit	Text search	MAPPED	Row.score (Query.text().run())	golden:queries.txt:QTEXT
corvid::Collection::text_search	Text search	N/A	N/A	direct search fn not exposed: the query builder replaces it (Query.vector()/text(); FFI.md §9)
corvid::Collection::phrase_search	Text search	MAPPED	Collection.phraseSearch(field:phrase:k:) — the direct positional search (corvid_phrase_search, v0.3.0) over the rows cursor	golden:queries.txt:PHRASE
corvid::Collection::vector_search	Vector search	N/A	N/A	direct search fn not exposed: the query builder replaces it (Query.vector()/text(); FFI.md §9)
corvid::text::Bm25Params	Text search	N/A	N/A	text-analysis internals; BM25 search is exposed via Query.text()
corvid::text::Bm25Params::new	Text search	N/A	N/A	text-analysis internals; BM25 search is exposed via Query.text()
corvid::text::Bm25Params::validate	Text search	N/A	N/A	text-analysis internals; BM25 search is exposed via Query.text()
corvid::text::tokenize	Text search	N/A	N/A	text-analysis internals; BM25 search is exposed via Query.text()
corvid::text::s_stem	Text search	N/A	N/A	text-analysis internals; BM25 search is exposed via Query.text()
corvid::text::Analyzer	Text search	N/A	N/A	text-analysis internals; BM25 search is exposed via Query.text()
corvid::text::Analyzer::raw	Text search	N/A	N/A	text-analysis internals; BM25 search is exposed via Query.text()
corvid::text::Analyzer::analyze	Text search	N/A	N/A	text-analysis internals; BM25 search is exposed via Query.text()
corvid::text::analyze	Text search	N/A	N/A	text-analysis internals; BM25 search is exposed via Query.text()
corvid::text::idf	Text search	N/A	N/A	text-analysis internals; BM25 search is exposed via Query.text()
corvid::text::term_score	Text search	N/A	N/A	text-analysis internals; BM25 search is exposed via Query.text()
corvid::DEFAULT_RRF_K	Hybrid	MAPPED	Query.fuseRRF default k=60	golden:queries.txt:HYBRID
corvid::reciprocal_rank_fusion	Hybrid	N/A	N/A	internal fusion math; the binding knob is fuseRRF (golden:queries.txt HYBRID)
corvid::mmr	Hybrid	N/A	N/A	internal MMR math; the binding knob is rerankMMR (golden:queries.txt HYBRID)
corvid::haversine_km	Geo	N/A	N/A	pure geo helper; distances surface as GeoHit.distanceKm (golden:geo.txt NEAREST)
corvid::GeoHit	Geo	MAPPED	GeoHit { key, doc, distanceKm }	golden:geo.txt:RADIUS/NEAREST/BBOX
corvid::Collection::geo_within_radius	Geo	MAPPED	Collection.geoWithinRadius/geoNearest/geoWithinBBox/createGeoIndex	golden:geo.txt (RADIUS/NEAREST/BBOX/IDX_GEO)
corvid::Collection::geo_nearest	Geo	MAPPED	Collection.geoWithinRadius/geoNearest/geoWithinBBox/createGeoIndex	golden:geo.txt (RADIUS/NEAREST/BBOX/IDX_GEO)
corvid::Collection::geo_within_bbox	Geo	MAPPED	Collection.geoWithinRadius/geoNearest/geoWithinBBox/createGeoIndex	golden:geo.txt (RADIUS/NEAREST/BBOX/IDX_GEO)
corvid::Collection::create_geo_index	Schema (ALTER)	MAPPED	Collection.geoWithinRadius/geoNearest/geoWithinBBox/createGeoIndex	golden:geo.txt (RADIUS/NEAREST/BBOX/IDX_GEO)
corvid::Collection::link	Graph	MAPPED	Collection.link/linkWeighted/unlink/neighbors/inNeighbors/neighborsWeighted/traverse	golden:graph.txt
corvid::Collection::link_weighted	Graph	MAPPED	Collection.link/linkWeighted/unlink/neighbors/inNeighbors/neighborsWeighted/traverse	golden:graph.txt
corvid::Collection::neighbors_weighted	Graph	MAPPED	Collection.link/linkWeighted/unlink/neighbors/inNeighbors/neighborsWeighted/traverse	golden:graph.txt
corvid::Collection::unlink	Graph	MAPPED	Collection.link/linkWeighted/unlink/neighbors/inNeighbors/neighborsWeighted/traverse	golden:graph.txt
corvid::Collection::neighbors	Graph	MAPPED	Collection.link/linkWeighted/unlink/neighbors/inNeighbors/neighborsWeighted/traverse	golden:graph.txt
corvid::Collection::in_neighbors	Graph	MAPPED	Collection.link/linkWeighted/unlink/neighbors/inNeighbors/neighborsWeighted/traverse	golden:graph.txt
corvid::Collection::traverse	Graph	MAPPED	Collection.link/linkWeighted/unlink/neighbors/inNeighbors/neighborsWeighted/traverse	golden:graph.txt
corvid::JoinRow	Joins	N/A	N/A	joins are not in the v1 binding API (no FFI symbol)
corvid::Collection::join	Joins	N/A	N/A	joins are not in the v1 binding API (no FFI symbol)
corvid::hnsw::DEFAULT_M	Vector search	N/A	N/A	standalone Hnsw builder is engine-internal; v1 creates indexes via createVectorIndex* (golden:schema.txt IDX_VEC*)
corvid::hnsw::DEFAULT_EF_CONSTRUCTION	Vector search	N/A	N/A	standalone Hnsw builder is engine-internal; v1 creates indexes via createVectorIndex* (golden:schema.txt IDX_VEC*)
corvid::Hnsw	Vector search	N/A	N/A	standalone Hnsw builder is engine-internal; v1 creates indexes via createVectorIndex* (golden:schema.txt IDX_VEC*)
corvid::Hnsw::new	Vector search	N/A	N/A	standalone Hnsw builder is engine-internal; v1 creates indexes via createVectorIndex* (golden:schema.txt IDX_VEC*)
corvid::Hnsw::with_params	Vector search	N/A	N/A	standalone Hnsw builder is engine-internal; v1 creates indexes via createVectorIndex* (golden:schema.txt IDX_VEC*)
corvid::Hnsw::with_quant	Vector search	N/A	N/A	standalone Hnsw builder is engine-internal; v1 creates indexes via createVectorIndex* (golden:schema.txt IDX_VEC*)
corvid::Hnsw::with_pq	Vector search	N/A	N/A	standalone Hnsw builder is engine-internal; v1 creates indexes via createVectorIndex* (golden:schema.txt IDX_VEC*)
corvid::Hnsw::len	Vector search	N/A	N/A	standalone Hnsw builder is engine-internal; v1 creates indexes via createVectorIndex* (golden:schema.txt IDX_VEC*)
corvid::Hnsw::is_empty	Vector search	N/A	N/A	standalone Hnsw builder is engine-internal; v1 creates indexes via createVectorIndex* (golden:schema.txt IDX_VEC*)
corvid::Hnsw::insert	Vector search	N/A	N/A	standalone Hnsw builder is engine-internal; v1 creates indexes via createVectorIndex* (golden:schema.txt IDX_VEC*)
corvid::Hnsw::search	Vector search	N/A	N/A	standalone Hnsw builder is engine-internal; v1 creates indexes via createVectorIndex* (golden:schema.txt IDX_VEC*)
corvid::Collection::create_vector_index	Schema (ALTER)	MAPPED	Collection.createScalarIndex/createCompoundIndex/createTextIndex[/OnDisk]/createGeoIndex/createVectorIndex* (variants)	golden:schema.txt:IDX_*
corvid::Collection::create_vector_index_quantized	Schema (ALTER)	MAPPED	Collection.createScalarIndex/createCompoundIndex/createTextIndex[/OnDisk]/createGeoIndex/createVectorIndex* (variants)	golden:schema.txt:IDX_*
corvid::Collection::create_vector_index_ondisk	Schema (ALTER)	MAPPED	Collection.createScalarIndex/createCompoundIndex/createTextIndex[/OnDisk]/createGeoIndex/createVectorIndex* (variants)	golden:schema.txt:IDX_*
corvid::Collection::create_vector_index_ondisk_quantized	Schema (ALTER)	MAPPED	Collection.createScalarIndex/createCompoundIndex/createTextIndex[/OnDisk]/createGeoIndex/createVectorIndex* (variants)	golden:schema.txt:IDX_*
corvid::Collection::create_vector_index_ondisk_pq	Schema (ALTER)	MAPPED	Collection.createScalarIndex/createCompoundIndex/createTextIndex[/OnDisk]/createGeoIndex/createVectorIndex* (variants)	golden:schema.txt:IDX_*
corvid::Collection::create_vector_index_pq	Schema (ALTER)	MAPPED	Collection.createScalarIndex/createCompoundIndex/createTextIndex[/OnDisk]/createGeoIndex/createVectorIndex* (variants)	golden:schema.txt:IDX_*
corvid::Collection::create_text_index	Schema (ALTER)	MAPPED	Collection.createScalarIndex/createCompoundIndex/createTextIndex[/OnDisk]/createGeoIndex/createVectorIndex* (variants)	golden:schema.txt:IDX_*
corvid::Collection::create_text_index_ondisk	Schema (ALTER)	MAPPED	Collection.createScalarIndex/createCompoundIndex/createTextIndex[/OnDisk]/createGeoIndex/createVectorIndex* (variants)	golden:schema.txt:IDX_*
corvid::Collection::create_scalar_index	Schema (ALTER)	MAPPED	Collection.createScalarIndex/createCompoundIndex/createTextIndex[/OnDisk]/createGeoIndex/createVectorIndex* (variants)	golden:schema.txt:IDX_*
corvid::Collection::create_compound_index	Schema (ALTER)	MAPPED	Collection.createScalarIndex/createCompoundIndex/createTextIndex[/OnDisk]/createGeoIndex/createVectorIndex* (variants)	golden:schema.txt:IDX_*
corvid::schema::FieldType	Schema (ALTER)	MAPPED	FieldType enum (FieldType.any/bool/int/float/text/bytes/vector/array/map)	golden:schema.txt:SET_SCHEMA/SCHEMA
corvid::schema::FieldType::Any	Schema (ALTER)	MAPPED	FieldType enum (FieldType.any/bool/int/float/text/bytes/vector/array/map)	golden:schema.txt:SET_SCHEMA/SCHEMA
corvid::schema::FieldType::Bool	Schema (ALTER)	MAPPED	FieldType enum (FieldType.any/bool/int/float/text/bytes/vector/array/map)	golden:schema.txt:SET_SCHEMA/SCHEMA
corvid::schema::FieldType::Int	Schema (ALTER)	MAPPED	FieldType enum (FieldType.any/bool/int/float/text/bytes/vector/array/map)	golden:schema.txt:SET_SCHEMA/SCHEMA
corvid::schema::FieldType::Float	Schema (ALTER)	MAPPED	FieldType enum (FieldType.any/bool/int/float/text/bytes/vector/array/map)	golden:schema.txt:SET_SCHEMA/SCHEMA
corvid::schema::FieldType::Text	Schema (ALTER)	MAPPED	FieldType enum (FieldType.any/bool/int/float/text/bytes/vector/array/map)	golden:schema.txt:SET_SCHEMA/SCHEMA
corvid::schema::FieldType::Bytes	Schema (ALTER)	MAPPED	FieldType enum (FieldType.any/bool/int/float/text/bytes/vector/array/map)	golden:schema.txt:SET_SCHEMA/SCHEMA
corvid::schema::FieldType::Vector	Schema (ALTER)	MAPPED	FieldType enum (FieldType.any/bool/int/float/text/bytes/vector/array/map)	golden:schema.txt:SET_SCHEMA/SCHEMA
corvid::schema::FieldType::Array	Schema (ALTER)	MAPPED	FieldType enum (FieldType.any/bool/int/float/text/bytes/vector/array/map)	golden:schema.txt:SET_SCHEMA/SCHEMA
corvid::schema::FieldType::Map	Schema (ALTER)	MAPPED	FieldType enum (FieldType.any/bool/int/float/text/bytes/vector/array/map)	golden:schema.txt:SET_SCHEMA/SCHEMA
corvid::schema::Field	Schema (ALTER)	MAPPED	Collection.setSchema/schema + FieldDef(name:type:required:unique:)	golden:schema.txt:SET_SCHEMA/SCHEMA/SCHEMA_ERR
corvid::schema::Field::new	Schema (ALTER)	MAPPED	Collection.setSchema/schema + FieldDef(name:type:required:unique:)	golden:schema.txt:SET_SCHEMA/SCHEMA/SCHEMA_ERR
corvid::schema::Field::required	Schema (ALTER)	MAPPED	Collection.setSchema/schema + FieldDef(name:type:required:unique:)	golden:schema.txt:SET_SCHEMA/SCHEMA/SCHEMA_ERR
corvid::schema::Field::unique	Schema (ALTER)	MAPPED	Collection.setSchema/schema + FieldDef(name:type:required:unique:)	golden:schema.txt:SET_SCHEMA/SCHEMA/SCHEMA_ERR
corvid::schema::Schema	Schema (ALTER)	MAPPED	Collection.setSchema/schema + FieldDef(name:type:required:unique:)	golden:schema.txt:SET_SCHEMA/SCHEMA/SCHEMA_ERR
corvid::schema::Schema::new	Schema (ALTER)	MAPPED	Collection.setSchema/schema + FieldDef(name:type:required:unique:)	golden:schema.txt:SET_SCHEMA/SCHEMA/SCHEMA_ERR
corvid::schema::Schema::field	Schema (ALTER)	MAPPED	Collection.setSchema/schema + FieldDef(name:type:required:unique:)	golden:schema.txt:SET_SCHEMA/SCHEMA/SCHEMA_ERR
corvid::schema::Schema::fields	Schema (ALTER)	MAPPED	Collection.setSchema/schema + FieldDef(name:type:required:unique:)	golden:schema.txt:SET_SCHEMA/SCHEMA/SCHEMA_ERR
corvid::Collection::set_schema	Schema (ALTER)	MAPPED	Collection.setSchema/schema + FieldDef(name:type:required:unique:)	golden:schema.txt:SET_SCHEMA/SCHEMA/SCHEMA_ERR
corvid::Collection::schema	Schema (ALTER)	MAPPED	Collection.setSchema/schema + FieldDef(name:type:required:unique:)	golden:schema.txt:SET_SCHEMA/SCHEMA/SCHEMA_ERR
corvid::ChangeKind	Lifecycle	N/A	N/A	events/subscriptions excluded from the v1 ABI: cross-language reentrancy (FFI.md §9)
corvid::ChangeKind::Insert	Lifecycle	N/A	N/A	events/subscriptions excluded from the v1 ABI: cross-language reentrancy (FFI.md §9)
corvid::ChangeKind::Delete	Lifecycle	N/A	N/A	events/subscriptions excluded from the v1 ABI: cross-language reentrancy (FFI.md §9)
corvid::ChangeEvent	Lifecycle	N/A	N/A	events/subscriptions excluded from the v1 ABI: cross-language reentrancy (FFI.md §9)
corvid::SubscriptionId	Lifecycle	N/A	N/A	events/subscriptions excluded from the v1 ABI: cross-language reentrancy (FFI.md §9)
corvid::Db::subscribe	Lifecycle	N/A	N/A	events/subscriptions excluded from the v1 ABI: cross-language reentrancy (FFI.md §9)
corvid::Db::unsubscribe	Lifecycle	N/A	N/A	events/subscriptions excluded from the v1 ABI: cross-language reentrancy (FFI.md §9)
corvid::SemanticCache	Lifecycle	N/A	N/A	semantic cache: young engine API, excluded from v1 bindings (FFI.md §9)
corvid::Collection::semantic_cache	Lifecycle	N/A	N/A	semantic cache: young engine API, excluded from v1 bindings (FFI.md §9)
corvid::SemanticCache::put	Lifecycle	N/A	N/A	semantic cache: young engine API, excluded from v1 bindings (FFI.md §9)
corvid::SemanticCache::get	Lifecycle	N/A	N/A	semantic cache: young engine API, excluded from v1 bindings (FFI.md §9)
corvid::HyperLogLog	Lifecycle	N/A	N/A	sketch data structure excluded from v1 bindings (FFI.md §9; reopen on user demand)
corvid::HyperLogLog::new	Lifecycle	N/A	N/A	sketch data structure excluded from v1 bindings (FFI.md §9; reopen on user demand)
corvid::HyperLogLog::with_precision	Lifecycle	N/A	N/A	sketch data structure excluded from v1 bindings (FFI.md §9; reopen on user demand)
corvid::HyperLogLog::add_bytes	Lifecycle	N/A	N/A	sketch data structure excluded from v1 bindings (FFI.md §9; reopen on user demand)
corvid::HyperLogLog::add_hash	Lifecycle	N/A	N/A	sketch data structure excluded from v1 bindings (FFI.md §9; reopen on user demand)
corvid::HyperLogLog::estimate	Lifecycle	N/A	N/A	sketch data structure excluded from v1 bindings (FFI.md §9; reopen on user demand)
corvid::BloomFilter	Lifecycle	N/A	N/A	sketch data structure excluded from v1 bindings (FFI.md §9; reopen on user demand)
corvid::BloomFilter::new	Lifecycle	N/A	N/A	sketch data structure excluded from v1 bindings (FFI.md §9; reopen on user demand)
corvid::BloomFilter::add_bytes	Lifecycle	N/A	N/A	sketch data structure excluded from v1 bindings (FFI.md §9; reopen on user demand)
corvid::BloomFilter::contains_bytes	Lifecycle	N/A	N/A	sketch data structure excluded from v1 bindings (FFI.md §9; reopen on user demand)
corvid::CuckooFilter	Lifecycle	N/A	N/A	sketch data structure excluded from v1 bindings (FFI.md §9; reopen on user demand)
corvid::CuckooFilter::new	Lifecycle	N/A	N/A	sketch data structure excluded from v1 bindings (FFI.md §9; reopen on user demand)
corvid::CuckooFilter::add_bytes	Lifecycle	N/A	N/A	sketch data structure excluded from v1 bindings (FFI.md §9; reopen on user demand)
corvid::CuckooFilter::contains_bytes	Lifecycle	N/A	N/A	sketch data structure excluded from v1 bindings (FFI.md §9; reopen on user demand)
corvid::CuckooFilter::delete_bytes	Lifecycle	N/A	N/A	sketch data structure excluded from v1 bindings (FFI.md §9; reopen on user demand)
corvid::TDigest	Lifecycle	N/A	N/A	sketch data structure excluded from v1 bindings (FFI.md §9; reopen on user demand)
corvid::TDigest::new	Lifecycle	N/A	N/A	sketch data structure excluded from v1 bindings (FFI.md §9; reopen on user demand)
corvid::TDigest::add	Lifecycle	N/A	N/A	sketch data structure excluded from v1 bindings (FFI.md §9; reopen on user demand)
corvid::TDigest::merge	Lifecycle	N/A	N/A	sketch data structure excluded from v1 bindings (FFI.md §9; reopen on user demand)
corvid::TDigest::quantile	Lifecycle	N/A	N/A	sketch data structure excluded from v1 bindings (FFI.md §9; reopen on user demand)
corvid::TDigest::cdf	Lifecycle	N/A	N/A	sketch data structure excluded from v1 bindings (FFI.md §9; reopen on user demand)
corvid::MinHash	Lifecycle	N/A	N/A	sketch data structure excluded from v1 bindings (FFI.md §9; reopen on user demand)
corvid::MinHash::new	Lifecycle	N/A	N/A	sketch data structure excluded from v1 bindings (FFI.md §9; reopen on user demand)
corvid::MinHash::signature	Lifecycle	N/A	N/A	sketch data structure excluded from v1 bindings (FFI.md §9; reopen on user demand)
corvid::MinHash::jaccard_estimate	Lifecycle	N/A	N/A	sketch data structure excluded from v1 bindings (FFI.md §9; reopen on user demand)
corvid::LshIndex	Lifecycle	N/A	N/A	sketch data structure excluded from v1 bindings (FFI.md §9; reopen on user demand)
corvid::LshIndex::new	Lifecycle	N/A	N/A	sketch data structure excluded from v1 bindings (FFI.md §9; reopen on user demand)
corvid::LshIndex::insert	Lifecycle	N/A	N/A	sketch data structure excluded from v1 bindings (FFI.md §9; reopen on user demand)
corvid::LshIndex::candidates	Lifecycle	N/A	N/A	sketch data structure excluded from v1 bindings (FFI.md §9; reopen on user demand)
corvid::Collection::approx_distinct	Aggregations	N/A	N/A	sketch data structure excluded from v1 bindings (FFI.md §9; reopen on user demand)
corvid::Collection::insert_with_ttl	TTL	MAPPED	Collection.insertWithTTL/setTTL/getTTL/purgeExpired	golden:mutations.txt (INSERT_TTL/SET_TTL/GET_TTL/PURGE)
corvid::Collection::set_ttl	TTL	MAPPED	Collection.insertWithTTL/setTTL/getTTL/purgeExpired	golden:mutations.txt (INSERT_TTL/SET_TTL/GET_TTL/PURGE)
corvid::Collection::ttl	TTL	MAPPED	Collection.insertWithTTL/setTTL/getTTL/purgeExpired	golden:mutations.txt (INSERT_TTL/SET_TTL/GET_TTL/PURGE)
corvid::Collection::purge_expired	TTL	MAPPED	Collection.insertWithTTL/setTTL/getTTL/purgeExpired	golden:mutations.txt (INSERT_TTL/SET_TTL/GET_TTL/PURGE)
corvid::Db::dump	Lifecycle	MAPPED	Db.dumpToPath/loadFromPath/loadFromPathWithRenames	golden:admin.txt (DUMP/LOAD/LOAD_RENAMES)
corvid::Db::load	Lifecycle	MAPPED	Db.dumpToPath/loadFromPath/loadFromPathWithRenames	golden:admin.txt (DUMP/LOAD/LOAD_RENAMES)
corvid::Db::load_with_renames	Lifecycle	MAPPED	Db.dumpToPath/loadFromPath/loadFromPathWithRenames	golden:admin.txt (DUMP/LOAD/LOAD_RENAMES)
corvid::pq::Pq	Vector search	N/A	N/A	PQ training/codec internals; exposed via createVectorIndexPQ/OnDiskPQ (golden:schema.txt IDX_PQ*)
corvid::pq::Pq::code_len	Vector search	N/A	N/A	PQ training/codec internals; exposed via createVectorIndexPQ/OnDiskPQ (golden:schema.txt IDX_PQ*)
corvid::pq::Pq::dim	Vector search	N/A	N/A	PQ training/codec internals; exposed via createVectorIndexPQ/OnDiskPQ (golden:schema.txt IDX_PQ*)
corvid::pq::Pq::params	Vector search	N/A	N/A	PQ training/codec internals; exposed via createVectorIndexPQ/OnDiskPQ (golden:schema.txt IDX_PQ*)
corvid::pq::Pq::train	Vector search	N/A	N/A	PQ training/codec internals; exposed via createVectorIndexPQ/OnDiskPQ (golden:schema.txt IDX_PQ*)
corvid::pq::Pq::encode	Vector search	N/A	N/A	PQ training/codec internals; exposed via createVectorIndexPQ/OnDiskPQ (golden:schema.txt IDX_PQ*)
corvid::pq::Pq::decode	Vector search	N/A	N/A	PQ training/codec internals; exposed via createVectorIndexPQ/OnDiskPQ (golden:schema.txt IDX_PQ*)
corvid::pq::Pq::distance	Vector search	N/A	N/A	PQ training/codec internals; exposed via createVectorIndexPQ/OnDiskPQ (golden:schema.txt IDX_PQ*)
corvid::pq::Pq::l2_table	Vector search	N/A	N/A	PQ training/codec internals; exposed via createVectorIndexPQ/OnDiskPQ (golden:schema.txt IDX_PQ*)
corvid::pq::Pq::adc_l2	Vector search	N/A	N/A	PQ training/codec internals; exposed via createVectorIndexPQ/OnDiskPQ (golden:schema.txt IDX_PQ*)
corvid::pq::Pq::to_bytes	Vector search	N/A	N/A	PQ training/codec internals; exposed via createVectorIndexPQ/OnDiskPQ (golden:schema.txt IDX_PQ*)
corvid::pq::Pq::from_bytes	Vector search	N/A	N/A	PQ training/codec internals; exposed via createVectorIndexPQ/OnDiskPQ (golden:schema.txt IDX_PQ*)
corvid::QueryPlan	Lifecycle	N/A	N/A	query-plan diagnostics and PlanCache excluded from the v1 ABI: advisory only (FFI.md §9)
corvid::QueryPlan::key	Lifecycle	N/A	N/A	query-plan diagnostics and PlanCache excluded from the v1 ABI: advisory only (FFI.md §9)
corvid::PlanCache	Lifecycle	N/A	N/A	query-plan diagnostics and PlanCache excluded from the v1 ABI: advisory only (FFI.md §9)
corvid::PlanCache::new	Lifecycle	N/A	N/A	query-plan diagnostics and PlanCache excluded from the v1 ABI: advisory only (FFI.md §9)
corvid::PlanCache::get	Lifecycle	N/A	N/A	query-plan diagnostics and PlanCache excluded from the v1 ABI: advisory only (FFI.md §9)
corvid::PlanCache::insert	Lifecycle	N/A	N/A	query-plan diagnostics and PlanCache excluded from the v1 ABI: advisory only (FFI.md §9)
corvid::PlanCache::get_or_insert_with	Lifecycle	N/A	N/A	query-plan diagnostics and PlanCache excluded from the v1 ABI: advisory only (FFI.md §9)
corvid::PlanCache::len	Lifecycle	N/A	N/A	query-plan diagnostics and PlanCache excluded from the v1 ABI: advisory only (FFI.md §9)
corvid::PlanCache::is_empty	Lifecycle	N/A	N/A	query-plan diagnostics and PlanCache excluded from the v1 ABI: advisory only (FFI.md §9)
